Date;Time; Temperatura  -  Méd  (C) ; Umidade  -  Méd  (%) ; Pressão  -  Méd  (hpa) ; Velocidade  do  vento  -  Méd  (kmh) ; Rajada  de  vento  -  Méd  (kmh) ; Direção  do  vento  -  Tudo  (°) ; Ponto  de  orvalho  -  Méd  (C) ; Temperatura  aparente  -  Méd  (C) ; Taxa  de  precipitação  -  Méd  (mm/h) ; Precipitation  -  Total  (mm) ; Radiação  solar  -  Méd  (W/m2) ; Temperatura  -  Máx  (C) ; Umidade  -  Máx  (%) ; Pressão  -  Máx  (hpa) ; Velocidade  do  vento  -  Máx  (kmh) ; Rajada  de  vento  -  Máx  (kmh) ; Ponto  de  orvalho  -  Máx  (C) ; Temperatura  aparente  -  Máx  (C) ; Taxa  de  precipitação  -  Máx  (mm/h) ; Radiação  solar  -  Máx  (W/m2) ; Temperatura  -  Mín  (C) ; Umidade  -  Mín  (%) ; Pressão  -  Mín  (hpa) ; Velocidade  do  vento  -  Mín  (kmh) ; Rajada  de  vento  -  Mín  (kmh) ; Ponto  de  orvalho  -  Mín  (C) ; Temperatura  aparente  -  Mín  (C) ; Taxa  de  precipitação  -  Mín  (mm/h) ; Radiação  solar  -  Mín  (W/m2) ; Temperatura  -  Variação  (C) ; Umidade  -  Variação  (%) ; Pressão  -  Variação  (hpa) ; Velocidade  do  vento  -  Variação  (kmh) ; Rajada  de  vento  -  Variação  (kmh) ; Ponto  de  orvalho  -  Variação  (C) ; Temperatura  aparente  -  Variação  (C) ; Taxa  de  precipitação  -  Variação  (mm/h) ; Radiação  solar  -  Variação  (W/m2) 
01/01/20;    ;24.65;75.55;1007.30;1.59;2.34;144;19.68;27.89;0.00;0.30;270.59;31.30;94.00;1009.80;6.40;12.90;21.60;34.50;0.00;1220.00;19.20;51.00;1003.10;0.00;0.00;18.20;22.10;0.00;0.00;12.10;43.00;6.70;6.40;12.90;3.40;12.40;0.00;1220.00
02/01/20;    ;21.08;89.43;1007.80;0.60;1.10;140;19.23;24.31;1.16;27.70;110.70;26.80;95.00;1010.50;8.00;17.70;21.80;31.20;109.20;733.00;19.30;72.00;1005.40;0.00;0.00;17.70;22.20;0.00;0.00;7.50;23.00;5.10;8.00;17.70;4.10;9.00;109.20;733.00
03/01/20;    ;21.77;85.18;1009.22;1.23;1.80;150;19.05;24.81;0.20;5.10;180.33;27.40;95.00;1010.80;8.00;11.30;21.00;30.50;30.20;1232.00;18.30;64.00;1007.50;0.00;0.00;17.30;20.80;0.00;0.00;9.10;31.00;3.30;8.00;11.30;3.70;9.70;30.20;1232.00
04/01/20;    ;22.42;84.04;1007.36;1.04;1.59;123;19.48;25.69;0.07;1.80;168.68;27.40;93.00;1009.50;4.80;11.30;21.90;31.00;8.10;1366.00;18.90;64.00;1004.70;0.00;0.00;17.70;21.60;0.00;0.00;8.50;29.00;4.80;4.80;11.30;4.20;9.40;8.10;1366.00
05/01/20;    ;22.60;84.65;1006.90;1.09;1.77;126;19.72;25.97;0.60;8.60;213.66;28.60;95.00;1009.10;6.40;12.90;21.60;32.20;102.40;1438.00;18.70;61.00;1004.40;0.00;0.00;17.70;21.40;0.00;0.00;9.90;34.00;4.70;6.40;12.90;3.90;10.80;102.40;1438.00
06/01/20;    ;22.00;85.72;1008.79;1.13;1.80;97;19.31;25.19;0.20;3.10;205.93;28.00;95.00;1011.20;8.00;12.90;21.40;31.60;17.50;1239.00;17.30;64.00;1006.80;0.00;0.00;16.30;19.40;0.00;0.00;10.70;31.00;4.40;8.00;12.90;5.10;12.20;17.50;1239.00
07/01/20;    ;24.48;77.35;1010.09;1.37;4.41;130;19.92;27.91;0.00;0.50;271.13;31.80;95.00;1012.50;6.40;14.50;22.70;36.10;0.00;1260.00;17.20;55.00;1006.80;0.00;0.00;16.30;19.30;0.00;0.00;14.60;40.00;5.70;6.40;14.50;6.40;16.80;0.00;1260.00
08/01/20;    ;23.59;85.74;1010.40;0.82;4.11;141;20.92;27.59;0.60;11.90;180.79;30.90;94.00;1012.90;9.70;33.80;23.30;34.90;55.90;1246.00;21.20;57.00;1008.10;0.00;0.00;19.40;24.80;0.00;0.00;9.70;37.00;4.80;9.70;33.80;3.90;10.10;55.90;1246.00
09/01/20;    ;23.82;85.19;1011.20;1.16;3.87;141;21.01;27.80;0.00;0.50;215.41;30.60;95.00;1012.50;9.70;11.30;23.40;35.10;0.00;1294.00;20.10;59.00;1009.10;0.00;0.00;19.30;23.50;0.00;0.00;10.50;36.00;3.40;9.70;11.30;4.10;11.60;0.00;1294.00
10/01/20;    ;25.26;81.85;1009.97;1.44;4.20;96;21.65;29.49;0.19;2.50;272.99;32.10;94.00;1012.20;12.90;22.50;23.40;36.60;25.40;1125.00;21.80;54.00;1006.80;0.00;0.00;20.40;25.90;0.00;0.00;10.30;40.00;5.40;12.90;22.50;3.00;10.70;25.40;1125.00
11/01/20;    ;24.14;85.85;1009.72;1.00;3.59;107;21.43;28.36;0.52;12.20;219.22;31.80;94.00;1011.90;9.70;17.70;24.00;36.00;61.70;1311.00;21.30;57.00;1007.80;0.00;0.00;19.90;25.00;0.00;0.00;10.50;37.00;4.10;9.70;17.70;4.10;11.00;61.70;1311.00
12/01/20;    ;23.43;86.37;1011.60;1.23;4.14;95;20.86;27.32;2.06;34.30;185.87;30.20;95.00;1013.90;6.40;12.90;23.70;34.70;137.90;1215.00;19.40;64.00;1009.10;0.00;0.00;18.40;22.40;0.00;0.00;10.80;31.00;4.80;6.40;12.90;5.30;12.30;137.90;1215.00
13/01/20;    ;22.36;88.18;1012.71;0.71;1.39;117;20.21;26.05;0.13;2.50;144.38;28.50;95.00;1014.20;6.40;19.30;22.60;32.70;3.80;814.00;19.20;68.00;1011.50;0.00;0.00;18.20;22.10;0.00;0.00;9.30;27.00;2.70;6.40;19.30;4.40;10.60;3.80;814.00
14/01/20;    ;24.13;80.32;1012.40;1.26;2.03;143;20.32;27.74;0.00;0.00;207.27;29.90;95.00;1014.20;4.80;8.00;22.40;34.20;0.00;939.00;19.60;60.00;1010.20;0.00;0.00;18.60;22.70;0.00;0.00;10.30;35.00;4.00;4.80;8.00;3.80;11.50;0.00;939.00
15/01/20;    ;22.95;85.73;1011.94;0.44;0.85;105;20.36;26.73;0.00;0.00;133.80;25.70;92.00;1013.20;1.60;3.20;20.80;29.40;0.00;601.00;21.30;74.00;1010.50;0.00;0.00;19.80;24.90;0.00;0.00;4.40;18.00;2.70;1.60;3.20;1.00;4.50;0.00;601.00
16/01/20;    ;25.73;76.73;1011.56;1.99;2.96;129;20.92;29.51;0.37;5.60;369.01;33.20;94.00;1013.90;9.70;14.50;23.20;37.50;35.80;1102.00;20.00;52.00;1008.50;0.00;0.00;18.80;23.10;0.00;0.00;13.20;42.00;5.40;9.70;14.50;4.40;14.40;35.80;1102.00
17/01/20;    ;22.18;78.87;1015.78;3.90;6.07;204;18.30;24.38;0.00;3.10;104.67;24.40;93.00;1016.60;8.00;16.10;21.20;27.80;0.00;390.00;20.90;74.00;1014.90;0.00;1.60;16.50;22.10;0.00;0.00;3.50;19.00;1.70;8.00;14.50;4.70;5.70;0.00;390.00
18/01/20;    ;23.11;75.46;1015.20;2.59;3.99;175;18.46;25.62;0.00;0.00;156.63;26.80;86.00;1016.90;6.40;12.90;20.80;30.80;0.00;742.00;19.10;65.00;1013.20;0.00;0.00;16.30;20.60;0.00;0.00;7.70;21.00;3.70;6.40;12.90;4.50;10.20;0.00;742.00
19/01/20;    ;23.21;79.51;1012.75;2.54;3.99;158;19.33;26.13;0.60;10.20;228.32;28.80;92.00;1014.90;8.00;14.50;22.20;32.30;26.20;1204.00;19.40;62.00;1009.80;0.00;0.00;17.50;22.00;0.00;0.00;9.40;30.00;5.10;8.00;14.50;4.70;10.30;26.20;1204.00
20/01/20;    ;23.14;79.22;1009.78;1.92;2.85;171;19.21;26.12;0.27;3.80;235.07;30.10;91.00;1012.50;8.00;16.10;21.90;33.90;52.60;1230.00;19.40;60.00;1006.40;0.00;0.00;16.80;21.70;0.00;0.00;10.70;31.00;6.10;8.00;16.10;5.10;12.20;52.60;1230.00
21/01/20;    ;22.56;73.68;1007.67;2.08;3.07;153;17.21;24.64;0.00;0.30;303.55;29.90;94.00;1010.50;6.40;12.90;19.50;32.50;0.00;1114.00;16.10;45.00;1004.70;0.00;0.00;14.80;17.60;0.00;0.00;13.80;49.00;5.80;6.40;12.90;4.70;14.90;0.00;1114.00
22/01/20;    ;23.08;72.72;1006.88;2.29;3.46;174;17.72;25.33;0.00;0.00;214.71;28.20;92.00;1008.80;8.00;17.70;19.70;31.00;0.00;1106.00;16.80;56.00;1004.40;0.00;0.00;15.20;18.50;0.00;0.00;11.40;36.00;4.40;8.00;17.70;4.50;12.50;0.00;1106.00
23/01/20;    ;20.54;89.58;1005.94;0.43;0.96;168;18.73;23.58;0.63;13.50;77.12;23.10;95.00;1007.50;3.20;8.00;20.40;26.90;14.50;462.00;19.20;77.00;1003.70;0.00;0.00;17.60;22.00;0.00;0.00;3.90;18.00;3.80;3.20;8.00;2.80;4.90;14.50;462.00
24/01/20;    ;22.44;79.32;1003.85;1.62;2.51;195;18.42;25.12;0.27;5.10;231.19;27.60;95.00;1006.80;6.40;17.70;20.80;30.30;6.60;1419.00;18.10;57.00;1001.40;0.00;0.00;16.30;20.30;0.00;0.00;9.50;38.00;5.40;6.40;17.70;4.50;10.00;6.60;1419.00
25/01/20;    ;22.57;72.59;1007.50;1.84;2.70;131;16.98;24.60;0.00;0.00;319.21;29.70;94.00;1010.20;6.40;11.30;19.10;31.90;0.00;1264.00;15.80;49.00;1005.40;0.00;0.00;14.70;17.30;0.00;0.00;13.90;45.00;4.80;6.40;11.30;4.40;14.60;0.00;1264.00
26/01/20;    ;22.29;60.83;1010.30;1.73;2.71;121;13.06;22.93;0.00;0.00;329.16;31.00;92.00;1011.90;6.40;9.70;15.90;31.30;0.00;1027.00;15.20;27.00;1007.80;0.00;0.00;8.10;16.10;0.00;0.00;15.80;65.00;4.10;6.40;9.70;7.80;15.20;0.00;1027.00
27/01/20;    ;22.80;64.79;1010.86;1.86;3.00;137;15.24;24.20;0.00;0.00;317.29;31.80;86.00;1013.20;6.40;12.90;19.50;33.70;0.00;1049.00;14.20;38.00;1007.80;0.00;0.00;11.60;14.40;0.00;0.00;17.60;48.00;5.40;6.40;12.90;7.90;19.30;0.00;1049.00
28/01/20;    ;24.12;74.33;1010.67;1.54;2.27;107;18.85;27.03;0.22;2.50;279.58;31.50;92.00;1012.90;8.00;9.70;21.20;35.10;21.60;1311.00;17.00;48.00;1007.50;0.00;0.00;15.60;18.70;0.00;0.00;14.50;44.00;5.40;8.00;9.70;5.60;16.40;21.60;1311.00
29/01/20;    ;23.67;82.16;1012.33;1.69;2.39;74;20.23;27.16;1.36;24.10;229.57;29.10;95.00;1014.60;8.00;12.90;22.00;33.10;73.40;1278.00;19.60;62.00;1009.80;0.00;0.00;18.60;22.70;0.00;0.00;9.50;33.00;4.80;8.00;12.90;3.40;10.40;73.40;1278.00
30/01/20;    ;22.81;84.89;1013.17;1.34;2.00;80;19.94;26.26;0.14;2.00;196.07;29.30;95.00;1014.60;6.40;11.30;22.80;33.60;5.30;1297.00;18.60;65.00;1011.50;0.00;0.00;17.60;21.20;0.00;0.00;10.70;30.00;3.10;6.40;11.30;5.20;12.40;5.30;1297.00
03/02/20;    ;19.78;94.88;1013.16;0.00;0.20;92;18.95;22.99;0.00;0.00;0.00;20.10;95.00;1013.20;0.00;3.20;19.30;23.50;0.00;0.00;19.20;94.00;1012.90;0.00;0.00;18.40;22.20;0.00;0.00;0.90;1.00;0.30;0.00;3.20;0.90;1.30;0.00;0.00
04/02/20;    ;21.99;86.13;1012.66;0.78;1.47;135;19.40;25.29;0.61;10.90;167.31;28.60;95.00;1014.20;6.40;24.10;22.80;32.60;63.00;1338.00;17.90;65.00;1010.20;0.00;0.00;16.90;20.20;0.00;0.00;10.70;30.00;4.00;6.40;24.10;5.90;12.40;63.00;1338.00
05/02/20;    ;22.06;87.23;1012.73;0.87;1.22;114;19.72;25.46;0.96;17.30;151.23;27.70;95.00;1014.20;11.30;16.10;21.90;31.80;48.00;805.00;19.00;66.00;1010.20;0.00;0.00;18.10;21.90;0.00;0.00;8.70;29.00;4.00;11.30;16.10;3.80;9.90;48.00;805.00
06/02/20;    ;21.77;88.18;1012.83;1.24;1.74;149;19.62;25.06;1.64;38.60;160.83;28.10;95.00;1014.60;8.00;8.00;21.80;32.30;74.70;1248.00;19.10;66.00;1010.50;0.00;0.00;18.00;21.70;0.00;0.00;9.00;29.00;4.10;8.00;8.00;3.80;10.60;74.70;1248.00
07/02/20;    ;18.95;91.87;1013.28;0.06;0.20;97;17.57;21.55;0.00;0.00;72.23;22.60;95.00;1014.60;1.60;3.20;18.60;25.60;0.00;478.00;17.40;78.00;1012.50;0.00;0.00;16.60;19.60;0.00;0.00;5.20;17.00;2.10;1.60;3.20;2.00;6.00;0.00;478.00
10/02/20;    ;22.03;91.45;1012.93;0.74;1.18;114;20.57;25.87;0.92;8.40;73.14;23.60;95.00;1014.20;3.20;8.00;21.50;27.70;14.50;350.00;20.70;86.00;1011.50;0.00;0.00;18.80;23.50;0.00;0.00;2.90;9.00;2.70;3.20;8.00;2.70;4.20;14.50;350.00
11/02/20;    ;20.40;87.98;1013.17;1.41;2.14;211;18.28;23.04;3.67;72.60;105.93;23.20;95.00;1014.60;6.40;9.70;20.70;25.90;59.70;705.00;17.40;75.00;1011.90;0.00;0.00;16.60;19.60;0.00;0.00;5.80;20.00;2.70;6.40;9.70;4.10;6.30;59.70;705.00
12/02/20;    ;20.71;85.20;1012.88;1.40;2.18;186;18.09;23.28;0.73;10.20;146.03;23.10;93.00;1014.20;4.80;9.70;20.00;26.30;42.20;624.00;18.40;77.00;1010.50;0.00;0.00;16.70;20.60;0.00;0.00;4.70;16.00;3.70;4.80;9.70;3.30;5.70;42.20;624.00
13/02/20;    ;21.47;81.15;1013.85;1.76;2.95;185;18.08;23.97;0.00;1.00;52.49;23.40;90.00;1014.20;4.80;8.00;19.30;26.50;0.00;591.00;18.80;78.00;1013.20;0.00;0.00;17.00;21.20;0.00;0.00;4.60;12.00;1.00;4.80;8.00;2.30;5.30;0.00;591.00
14/02/20;    ;22.85;77.23;1012.63;1.45;2.14;124;18.28;25.51;0.00;0.00;266.98;30.30;94.00;1014.90;6.40;12.90;21.20;32.80;0.00;1417.00;16.80;49.00;1010.20;0.00;0.00;15.60;18.30;0.00;0.00;13.50;45.00;4.70;6.40;12.90;5.60;14.50;0.00;1417.00
15/02/20;    ;24.09;75.52;1011.49;1.25;2.06;129;19.04;27.10;0.00;0.00;267.72;31.30;94.00;1013.60;4.80;14.50;21.60;33.50;0.00;1162.00;18.30;42.00;1009.10;0.00;0.00;16.90;20.80;0.00;0.00;13.00;52.00;4.50;4.80;14.50;4.70;12.70;0.00;1162.00
16/02/20;    ;23.24;83.44;1011.35;0.89;1.53;87;20.16;26.87;0.00;0.00;167.89;28.70;93.00;1013.20;8.00;9.70;22.70;32.90;0.00;1194.00;18.90;66.00;1009.50;0.00;0.00;17.60;21.50;0.00;0.00;9.80;27.00;3.70;8.00;9.70;5.10;11.40;0.00;1194.00
17/02/20;    ;24.99;75.10;1011.46;1.86;2.54;137;19.82;28.24;0.00;0.00;257.82;31.20;95.00;1013.20;8.00;9.70;21.40;35.00;0.00;1174.00;19.60;53.00;1008.50;0.00;0.00;18.60;22.70;0.00;0.00;11.60;42.00;4.70;8.00;9.70;2.80;12.30;0.00;1174.00
18/02/20;    ;24.40;77.02;1011.97;1.75;2.57;83;19.95;27.76;0.00;0.00;241.31;30.30;90.00;1013.60;8.00;16.10;22.30;34.20;0.00;1136.00;20.20;58.00;1009.10;0.00;0.00;17.50;23.10;0.00;0.00;10.10;32.00;4.50;8.00;16.10;4.80;11.10;0.00;1136.00
19/02/20;    ;23.60;81.13;1009.96;1.26;2.05;106;19.79;26.97;0.25;3.80;180.12;31.40;94.00;1012.20;11.30;16.10;21.70;35.10;21.60;1118.00;19.30;51.00;1006.10;0.00;0.00;18.10;22.20;0.00;0.00;12.10;43.00;6.10;11.30;16.10;3.60;12.90;21.60;1118.00
20/02/20;    ;24.11;82.16;1009.77;1.45;2.19;111;20.72;27.89;0.00;0.00;217.71;29.70;94.00;1011.50;9.70;14.50;22.50;34.20;0.00;1190.00;20.80;62.00;1006.80;0.00;0.00;19.50;24.30;0.00;0.00;8.90;32.00;4.70;9.70;14.50;3.00;9.90;0.00;1190.00
21/02/20;    ;22.22;88.93;1010.60;0.35;0.74;153;20.24;25.97;1.53;22.40;102.21;26.50;95.00;1012.90;6.40;11.30;21.40;30.40;118.10;944.00;20.20;70.00;1008.80;0.00;0.00;19.10;23.50;0.00;0.00;6.30;25.00;4.10;6.40;11.30;2.30;6.90;118.10;944.00
22/02/20;    ;22.37;81.51;1012.13;1.96;2.87;144;18.87;25.19;0.00;0.50;182.31;27.70;95.00;1015.20;6.40;14.50;21.90;31.30;0.00;1299.00;19.30;63.00;1009.80;0.00;0.00;15.90;20.90;0.00;0.00;8.40;32.00;5.40;6.40;14.50;6.00;10.40;0.00;1299.00
23/02/20;    ;21.46;78.72;1014.48;1.91;2.83;154;17.42;23.67;0.44;7.60;227.22;27.90;92.00;1015.90;6.40;11.30;20.30;31.00;18.30;1215.00;16.50;62.00;1011.90;0.00;0.00;15.00;18.10;0.00;0.00;11.40;30.00;4.00;6.40;11.30;5.30;12.90;18.30;1215.00
24/02/20;    ;20.44;90.07;1014.13;0.08;0.36;114;18.73;23.55;0.15;3.30;72.39;23.10;95.00;1015.60;1.60;4.80;20.20;26.70;14.20;497.00;17.80;80.00;1012.50;0.00;0.00;16.50;20.00;0.00;0.00;5.30;15.00;3.10;1.60;4.80;3.70;6.70;14.20;497.00
25/02/20;    ;23.70;83.80;1011.77;0.90;1.32;95;20.60;27.52;0.04;1.30;180.46;29.40;95.00;1014.60;6.40;9.70;22.60;33.00;2.00;1276.00;19.60;58.00;1008.10;0.00;0.00;18.80;22.70;0.00;0.00;9.80;37.00;6.50;6.40;9.70;3.80;10.30;2.00;1276.00
26/02/20;    ;22.58;90.98;1008.77;0.76;1.30;95;21.01;26.63;1.03;20.60;81.34;25.30;95.00;1010.80;6.40;12.90;22.50;29.60;55.10;476.00;20.60;80.00;1006.10;0.00;0.00;19.50;24.20;0.00;0.00;4.70;15.00;4.70;6.40;12.90;3.00;5.40;55.10;476.00
27/02/20;    ;20.27;89.62;1010.86;1.04;1.93;205;18.47;23.07;1.38;22.60;78.57;21.20;95.00;1014.20;4.80;12.90;19.80;24.70;45.00;657.00;19.30;80.00;1008.80;0.00;0.00;16.90;21.40;0.00;0.00;1.90;15.00;5.40;4.80;12.90;2.90;3.30;45.00;657.00
28/02/20;    ;21.26;84.66;1014.14;0.78;1.46;160;18.54;24.16;0.17;3.30;110.44;24.70;93.00;1015.90;3.20;8.00;21.20;29.00;13.20;687.00;19.10;78.00;1012.20;0.00;0.00;16.70;21.50;0.00;0.00;5.60;15.00;3.70;3.20;8.00;4.50;7.50;13.20;687.00
29/02/20;    ;22.55;83.96;1013.69;0.99;1.61;121;19.53;25.85;0.13;2.30;204.70;28.50;95.00;1015.20;4.80;11.30;21.70;32.10;11.40;1227.00;18.30;62.00;1010.80;0.00;0.00;17.50;20.90;0.00;0.00;10.20;33.00;4.40;4.80;11.30;4.20;11.20;11.40;1227.00
01/03/20;    ;21.40;82.99;1013.94;1.58;2.54;136;18.20;23.98;0.72;15.50;168.51;26.90;95.00;1016.90;6.40;12.90;20.40;29.60;22.10;1209.00;18.00;63.00;1012.20;0.00;0.00;17.10;20.50;0.00;0.00;8.90;32.00;4.70;6.40;12.90;3.30;9.10;22.10;1209.00
02/03/20;    ;20.57;79.09;1013.75;1.63;2.52;176;16.69;22.52;0.00;0.50;121.23;24.50;94.00;1015.60;6.40;12.90;18.00;26.80;0.00;1032.00;17.30;64.00;1012.20;0.00;0.00;15.10;19.00;0.00;0.00;7.20;30.00;3.40;6.40;12.90;2.90;7.80;0.00;1032.00
03/03/20;    ;24.68;67.75;1011.44;2.04;2.91;192;18.21;27.17;0.00;0.00;307.97;27.90;79.00;1013.60;4.80;9.70;19.50;30.30;0.00;1429.00;21.10;54.00;1009.50;0.00;0.00;17.30;23.30;0.00;0.00;6.80;25.00;4.10;4.80;9.70;2.20;7.00;0.00;1429.00
04/03/20;    ;22.77;75.43;1011.71;1.35;2.03;138;17.91;25.28;0.00;0.00;249.84;28.70;93.00;1013.90;6.40;11.30;20.40;31.20;0.00;1162.00;17.80;50.00;1009.10;0.00;0.00;16.60;20.00;0.00;0.00;10.90;43.00;4.80;6.40;11.30;3.80;11.20;0.00;1162.00
05/03/20;    ;21.71;71.21;1013.39;1.62;2.38;154;15.83;23.34;0.00;0.00;275.80;29.70;94.00;1015.20;8.00;12.90;18.70;31.80;0.00;991.00;14.90;42.00;1010.80;0.00;0.00;13.80;16.10;0.00;0.00;14.80;52.00;4.40;8.00;12.90;4.90;15.70;0.00;991.00
06/03/20;    ;21.35;68.90;1013.19;1.62;2.80;160;14.93;22.65;0.00;0.00;287.35;28.80;93.00;1015.90;6.40;17.70;17.90;30.40;0.00;984.00;13.70;39.00;1010.20;0.00;0.00;12.30;14.50;0.00;0.00;15.10;54.00;5.70;6.40;17.70;5.60;15.90;0.00;984.00
07/03/20;    ;22.03;71.24;1011.53;1.78;2.83;153;16.18;23.75;0.00;0.00;270.14;28.90;93.00;1013.90;4.80;11.30;18.60;30.50;0.00;1121.00;15.10;45.00;1008.50;0.00;0.00;13.80;16.30;0.00;0.00;13.80;48.00;5.40;4.80;11.30;4.80;14.20;0.00;1121.00
08/03/20;    ;21.61;75.16;1012.54;1.26;2.08;136;16.66;23.63;1.35;20.80;263.93;28.90;93.00;1016.30;4.80;8.00;19.10;30.70;87.60;1123.00;16.40;45.00;1009.50;0.00;0.00;14.90;17.80;0.00;0.00;12.50;48.00;6.80;4.80;8.00;4.20;12.90;87.60;1123.00
09/03/20;    ;21.51;76.91;1014.76;1.30;2.19;131;16.93;23.64;0.00;0.30;286.59;28.70;95.00;1016.60;8.00;9.70;19.50;31.50;0.00;1007.00;15.10;53.00;1012.50;0.00;0.00;14.30;16.50;0.00;0.00;13.60;42.00;4.10;8.00;9.70;5.20;15.00;0.00;1007.00
10/03/20;    ;21.95;76.05;1014.27;1.26;1.80;143;17.14;24.16;0.00;0.00;280.12;30.10;94.00;1016.60;6.40;9.70;19.50;32.80;0.00;967.00;15.60;48.00;1011.90;0.00;0.00;14.60;17.10;0.00;0.00;14.50;46.00;4.70;6.40;9.70;4.90;15.70;0.00;967.00
11/03/20;    ;23.20;69.86;1013.06;1.50;2.50;117;16.66;25.16;0.00;0.00;379.11;31.20;93.00;1015.20;4.80;12.90;18.90;32.60;0.00;933.00;15.90;37.00;1010.20;0.00;0.00;14.60;17.30;0.00;0.00;15.30;56.00;5.00;4.80;12.90;4.30;15.30;0.00;933.00
12/03/20;    ;24.56;68.00;1015.19;1.04;2.16;133;18.25;27.26;0.00;0.00;714.18;25.40;71.00;1015.60;3.20;3.20;19.10;28.70;0.00;816.00;23.40;66.00;1014.90;0.00;0.00;17.50;26.10;0.00;599.00;2.00;5.00;0.70;3.20;3.20;1.60;2.60;0.00;217.00
13/03/20;    ;20.63;86.81;1014.86;0.55;1.40;113;18.34;23.46;0.00;0.00;0.00;21.20;89.00;1015.20;1.60;4.80;18.60;24.20;0.00;0.00;19.70;85.00;1014.60;0.00;0.00;17.80;22.40;0.00;0.00;1.50;4.00;0.60;1.60;4.80;0.80;1.80;0.00;0.00
14/03/20;    ;23.75;74.29;1014.43;1.10;1.75;125;18.43;26.54;0.00;0.00;272.35;31.30;94.00;1016.90;4.80;9.70;20.40;34.20;0.00;1002.00;16.80;47.00;1011.90;0.00;0.00;15.70;18.70;0.00;0.00;14.50;47.00;5.00;4.80;9.70;4.70;15.50;0.00;1002.00
15/03/20;    ;23.82;77.80;1013.29;1.59;2.33;107;19.38;26.93;1.98;28.70;272.92;30.40;95.00;1015.60;9.70;11.30;21.60;33.80;74.90;1074.00;18.60;53.00;1009.80;0.00;0.00;17.00;21.00;0.00;0.00;11.80;42.00;5.80;9.70;11.30;4.60;12.80;74.90;1074.00
16/03/20;    ;22.56;83.53;1013.23;0.73;1.22;127;19.37;25.83;0.04;3.30;234.81;29.30;95.00;1015.20;4.80;8.00;22.50;33.00;2.80;1037.00;18.80;58.00;1010.20;0.00;0.00;18.00;21.60;0.00;0.00;10.50;37.00;5.00;4.80;8.00;4.50;11.40;2.80;1037.00
17/03/20;    ;23.10;82.15;1013.09;1.10;1.94;99;19.67;26.43;0.00;0.00;176.74;29.20;95.00;1015.60;6.40;14.50;21.40;32.80;0.00;1132.00;19.90;58.00;1010.20;0.00;0.00;18.60;23.10;0.00;0.00;9.30;37.00;5.40;6.40;14.50;2.80;9.70;0.00;1132.00
18/03/20;    ;23.65;77.70;1012.26;1.09;1.65;107;19.14;26.75;0.00;0.00;270.41;31.30;94.00;1014.90;4.80;9.70;21.30;34.40;0.00;1044.00;17.60;47.00;1009.10;0.00;0.00;16.40;19.80;0.00;0.00;13.70;47.00;5.80;4.80;9.70;4.90;14.60;0.00;1044.00
19/03/20;    ;21.93;87.47;1009.59;0.82;1.35;142;19.68;25.34;1.13;14.70;143.43;27.60;95.00;1011.50;11.30;16.10;22.40;32.00;136.70;1185.00;19.30;68.00;1005.80;0.00;0.00;18.00;22.30;0.00;0.00;8.30;27.00;5.70;11.30;16.10;4.40;9.70;136.70;1185.00
20/03/20;    ;21.39;89.83;1008.07;0.36;0.77;131;19.59;24.84;0.00;0.30;115.02;26.80;95.00;1009.80;4.80;8.00;21.70;31.00;0.00;1069.00;18.70;72.00;1005.40;0.00;0.00;17.90;21.10;0.00;0.00;8.10;23.00;4.40;4.80;8.00;3.80;9.90;0.00;1069.00
21/03/20;    ;22.53;80.50;1009.28;2.42;3.55;167;18.84;25.26;0.10;2.50;204.42;26.80;95.00;1013.90;8.00;11.30;21.00;29.90;10.20;1023.00;19.80;66.00;1007.50;0.00;0.00;14.10;20.00;0.00;0.00;7.00;29.00;6.40;8.00;11.30;6.90;9.90;10.20;1023.00
22/03/20;    ;21.77;69.70;1013.73;2.32;3.85;155;15.80;23.25;0.00;0.00;264.96;28.70;86.00;1016.30;8.00;22.50;18.90;30.80;0.00;997.00;17.10;51.00;1011.90;0.00;0.00;13.80;18.50;0.00;0.00;11.60;35.00;4.40;8.00;22.50;5.10;12.30;0.00;997.00
23/03/20;    ;21.12;69.59;1015.92;2.54;3.42;152;14.76;22.17;0.00;0.00;302.96;28.00;95.00;1017.60;8.00;12.90;16.80;28.70;0.00;984.00;14.60;42.00;1014.20;0.00;0.00;13.50;15.70;0.00;0.00;13.40;53.00;3.40;8.00;12.90;3.30;13.00;0.00;984.00
24/03/20;    ;19.99;67.12;1015.92;2.00;2.96;139;13.03;20.56;0.00;0.00;292.12;26.60;93.00;1017.60;6.40;12.90;15.20;27.00;0.00;918.00;11.90;38.00;1013.20;0.00;0.00;10.80;12.20;0.00;0.00;14.70;55.00;4.40;6.40;12.90;4.40;14.80;0.00;918.00
25/03/20;    ;20.19;68.50;1014.60;1.56;2.57;156;13.76;21.10;0.00;0.00;285.56;27.30;91.00;1016.60;4.80;11.30;16.00;28.80;0.00;1090.00;12.70;43.00;1011.90;0.00;0.00;11.10;13.10;0.00;0.00;14.60;48.00;4.70;4.80;11.30;4.90;15.70;0.00;1090.00
26/03/20;    ;20.72;67.46;1014.24;1.35;2.06;140;13.79;21.67;0.00;0.00;311.31;27.50;94.00;1016.30;4.80;16.10;16.00;28.60;0.00;942.00;12.90;41.00;1011.50;0.00;0.00;11.60;13.40;0.00;0.00;14.60;53.00;4.80;4.80;16.10;4.40;15.20;0.00;942.00
27/03/20;    ;20.35;72.57;1014.13;1.00;1.93;138;14.86;21.75;0.00;0.00;266.94;27.90;93.00;1016.30;4.80;8.00;17.70;29.40;0.00;935.00;13.20;45.00;1011.90;0.00;0.00;11.80;13.80;0.00;0.00;14.70;48.00;4.40;4.80;8.00;5.90;15.60;0.00;935.00
28/03/20;    ;21.50;77.65;1015.31;0.90;1.51;92;17.11;23.78;0.00;0.00;216.92;28.60;92.00;1017.30;4.80;9.70;19.90;31.30;0.00;1111.00;15.90;53.00;1013.20;0.00;0.00;14.40;17.30;0.00;0.00;12.70;39.00;4.10;4.80;9.70;5.50;14.00;0.00;1111.00
29/03/20;    ;21.60;84.31;1016.33;0.13;0.25;95;18.64;24.68;0.19;4.80;137.58;27.30;95.00;1018.30;1.60;8.00;20.60;30.90;10.70;1211.00;17.00;63.00;1013.60;0.00;0.00;15.90;19.00;0.00;0.00;10.30;32.00;4.70;1.60;8.00;4.70;11.90;10.70;1211.00
30/03/20;    ;22.12;82.91;1014.36;0.20;0.38;160;18.88;25.27;0.02;0.50;164.47;28.40;95.00;1017.60;4.80;8.00;20.70;31.80;1.80;1109.00;18.40;57.00;1011.50;0.00;0.00;17.60;21.00;0.00;0.00;10.00;38.00;6.10;4.80;8.00;3.10;10.80;1.80;1109.00
31/03/20;    ;23.29;79.47;1012.38;0.90;1.51;126;19.24;26.48;0.53;9.10;188.04;29.80;94.00;1014.20;4.80;9.70;20.90;33.20;58.20;1118.00;18.90;54.00;1009.50;0.00;0.00;17.70;21.60;0.00;0.00;10.90;40.00;4.70;4.80;9.70;3.20;11.60;58.20;1118.00
01/04/20;    ;21.83;81.64;1013.00;1.08;1.69;107;18.29;24.57;0.00;0.30;238.87;29.40;95.00;1014.90;9.70;14.50;21.60;32.70;0.00;1062.00;17.10;56.00;1010.80;0.00;0.00;16.30;18.90;0.00;0.00;12.30;39.00;4.10;9.70;14.50;5.30;13.80;0.00;1062.00
02/04/20;    ;22.24;80.53;1012.41;0.88;1.52;100;18.48;25.11;0.00;0.00;192.24;29.50;93.00;1015.60;4.80;14.50;21.30;32.90;0.00;1127.00;16.90;58.00;1009.50;0.00;0.00;15.40;18.70;0.00;0.00;12.60;35.00;6.10;4.80;14.50;5.90;14.20;0.00;1127.00
03/04/20;    ;21.82;85.78;1007.23;0.93;1.47;99;19.11;24.94;0.23;2.80;159.97;29.70;95.00;1010.20;8.00;14.50;21.60;32.60;29.00;1099.00;17.90;53.00;1004.40;0.00;0.00;17.00;20.30;0.00;0.00;11.80;42.00;5.80;8.00;14.50;4.60;12.30;29.00;1099.00
04/04/20;    ;20.74;68.32;1010.65;0.99;1.70;147;14.19;21.91;0.00;0.00;263.09;28.80;94.00;1013.60;4.80;8.00;17.50;30.20;0.00;874.00;13.40;41.00;1007.80;0.00;0.00;10.90;13.80;0.00;0.00;15.40;53.00;5.80;4.80;8.00;6.60;16.40;0.00;874.00
05/04/20;    ;20.90;74.22;1013.80;0.98;1.89;131;15.74;22.63;0.00;0.00;239.96;29.10;91.00;1015.90;4.80;9.70;18.50;31.10;0.00;881.00;14.30;45.00;1011.90;0.00;0.00;12.70;15.10;0.00;0.00;14.80;46.00;4.00;4.80;9.70;5.80;16.00;0.00;881.00
06/04/20;    ;21.34;80.86;1013.86;0.69;1.25;111;17.71;23.93;0.00;0.00;186.88;28.90;93.00;1016.60;4.80;9.70;21.10;32.30;0.00;1164.00;14.90;59.00;1010.80;0.00;0.00;13.80;16.10;0.00;0.00;14.00;34.00;5.80;4.80;9.70;7.30;16.20;0.00;1164.00
07/04/20;    ;21.82;84.64;1012.48;0.42;0.97;133;19.03;25.00;0.79;10.90;125.09;27.70;94.00;1013.90;6.40;9.70;22.20;31.80;143.50;1123.00;18.30;68.00;1010.80;0.00;0.00;17.10;20.70;0.00;0.00;9.40;26.00;3.10;6.40;9.70;5.10;11.10;143.50;1123.00
08/04/20;    ;22.40;76.38;1012.02;1.83;2.80;173;17.85;24.79;0.00;0.00;216.27;28.80;94.00;1014.20;8.00;11.30;19.80;31.50;0.00;1051.00;17.70;51.00;1008.80;0.00;0.00;15.70;19.90;0.00;0.00;11.10;43.00;5.40;8.00;11.30;4.10;11.60;0.00;1051.00
09/04/20;    ;20.35;77.32;1012.29;0.87;1.56;180;16.07;22.21;0.00;0.00;183.97;26.60;92.00;1014.20;4.80;11.30;18.30;28.80;0.00;1079.00;16.20;56.00;1010.50;0.00;0.00;14.40;17.70;0.00;0.00;10.40;36.00;3.70;4.80;11.30;3.90;11.10;0.00;1079.00
10/04/20;    ;20.45;75.11;1012.63;1.06;1.92;164;15.70;22.14;0.00;0.00;201.06;26.30;89.00;1014.60;6.40;9.70;17.90;28.90;0.00;1143.00;16.10;55.00;1010.50;0.00;0.00;14.00;17.40;0.00;0.00;10.20;34.00;4.10;6.40;9.70;3.90;11.50;0.00;1143.00
11/04/20;    ;19.99;79.08;1013.35;1.34;2.07;185;16.10;21.80;0.00;0.00;165.26;25.80;92.00;1015.90;8.00;16.10;19.30;28.80;0.00;1144.00;15.00;63.00;1011.20;0.00;0.00;13.50;16.10;0.00;0.00;10.80;29.00;4.70;8.00;16.10;5.80;12.70;0.00;1144.00
12/04/20;    ;20.06;73.77;1015.27;1.81;2.63;166;14.89;21.31;0.00;0.00;237.51;27.80;93.00;1016.90;8.00;12.90;18.20;30.10;0.00;886.00;13.20;47.00;1013.20;0.00;0.00;12.10;13.80;0.00;0.00;14.60;46.00;3.70;8.00;12.90;6.10;16.30;0.00;886.00
13/04/20;    ;20.14;78.19;1014.68;0.79;1.49;138;16.03;22.02;0.00;0.00;179.64;26.70;94.00;1017.60;4.80;11.30;18.90;29.40;0.00;1027.00;14.10;57.00;1011.90;0.00;0.00;12.90;15.00;0.00;0.00;12.60;37.00;5.70;4.80;11.30;6.00;14.40;0.00;1027.00
14/04/20;    ;20.27;81.54;1011.11;1.03;1.81;100;16.89;22.41;0.00;0.00;100.32;24.30;93.00;1013.60;12.90;16.10;18.90;27.00;0.00;1009.00;17.10;65.00;1006.40;0.00;0.00;14.90;19.00;0.00;0.00;7.20;28.00;7.20;12.90;16.10;4.00;8.00;0.00;1009.00
15/04/20;    ;19.85;80.09;1013.49;0.79;1.29;66;16.02;21.72;0.00;0.00;202.37;25.70;95.00;1015.90;6.40;9.70;18.00;27.90;0.00;1067.00;13.70;58.00;1010.80;0.00;0.00;12.70;14.60;0.00;0.00;12.00;37.00;5.10;6.40;9.70;5.30;13.30;0.00;1067.00
16/04/20;    ;20.62;85.20;1016.69;0.34;0.68;90;17.93;23.34;1.09;21.80;110.16;26.70;95.00;1019.00;4.80;8.00;20.50;30.00;110.00;742.00;16.80;66.00;1014.90;0.00;0.00;16.00;18.80;0.00;0.00;9.90;29.00;4.10;4.80;8.00;4.50;11.20;110.00;742.00
17/04/20;    ;20.45;81.14;1018.25;1.66;2.62;154;16.86;22.49;0.00;0.30;198.31;28.00;95.00;1020.70;8.00;22.50;20.20;30.80;0.00;1062.00;14.20;56.00;1015.60;0.00;0.00;13.40;15.30;0.00;0.00;13.80;39.00;5.10;8.00;22.50;6.80;15.50;0.00;1062.00
18/04/20;    ;20.66;74.59;1018.48;1.26;2.29;181;15.79;22.34;0.00;0.00;165.31;27.00;91.00;1020.70;6.40;14.50;18.40;28.90;0.00;921.00;16.10;52.00;1016.60;0.00;0.00;14.40;17.60;0.00;0.00;10.90;39.00;4.10;6.40;14.50;4.00;11.30;0.00;921.00
19/04/20;    ;20.05;75.50;1018.49;0.92;1.76;155;15.33;21.62;0.00;0.00;173.19;25.10;95.00;1020.30;4.80;9.70;18.40;27.40;0.00;1013.00;14.90;59.00;1016.60;0.00;0.00;13.60;16.00;0.00;0.00;10.20;36.00;3.70;4.80;9.70;4.80;11.40;0.00;1013.00
20/04/20;    ;20.16;71.54;1017.24;0.97;1.45;111;14.42;21.39;0.00;0.00;239.75;26.60;92.00;1019.30;6.40;8.00;16.20;27.80;0.00;875.00;14.50;44.00;1014.90;0.00;0.00;12.70;15.40;0.00;0.00;12.10;48.00;4.40;6.40;8.00;3.50;12.40;0.00;875.00
21/04/20;    ;19.55;73.81;1016.17;0.66;1.16;133;14.36;20.83;0.00;0.00;232.48;26.40;92.00;1018.60;4.80;9.70;16.90;27.80;0.00;846.00;13.20;48.00;1013.60;0.00;0.00;11.70;13.70;0.00;0.00;13.20;44.00;5.00;4.80;9.70;5.20;14.10;0.00;846.00
22/04/20;    ;19.35;76.25;1014.90;0.44;1.09;119;14.65;20.78;0.00;0.00;211.99;26.80;92.00;1016.90;3.20;8.00;17.40;28.10;0.00;953.00;13.30;46.00;1012.50;0.00;0.00;11.80;13.90;0.00;0.00;13.50;46.00;4.40;3.20;8.00;5.60;14.20;0.00;953.00
23/04/20;    ;19.57;76.25;1015.27;0.85;1.44;142;14.95;21.04;0.00;0.00;206.52;27.20;93.00;1017.60;4.80;9.70;18.10;29.40;0.00;944.00;13.10;49.00;1013.20;0.00;0.00;11.70;13.70;0.00;0.00;14.10;44.00;4.40;4.80;9.70;6.40;15.70;0.00;944.00
24/04/20;    ;20.25;73.56;1017.06;0.91;1.64;135;14.89;21.67;0.00;0.00;216.96;28.20;94.00;1019.30;3.20;11.30;17.70;29.80;0.00;803.00;13.00;44.00;1015.20;0.00;0.00;11.90;13.60;0.00;0.00;15.20;50.00;4.10;3.20;11.30;5.80;16.20;0.00;803.00
25/04/20;    ;18.68;79.22;1018.80;0.61;0.98;84;14.66;20.08;0.00;0.00;220.63;26.80;94.00;1020.70;3.20;8.00;17.90;28.70;0.00;795.00;12.30;50.00;1016.30;0.00;0.00;11.20;12.70;0.00;0.00;14.50;44.00;4.40;3.20;8.00;6.70;16.00;0.00;795.00
26/04/20;    ;19.25;74.77;1019.75;0.69;1.24;104;14.14;20.45;0.00;0.00;215.83;27.90;92.00;1022.00;6.40;9.70;16.70;29.30;0.00;789.00;12.90;43.00;1017.30;0.00;0.00;11.30;13.30;0.00;0.00;15.00;49.00;4.70;6.40;9.70;5.40;16.00;0.00;789.00
27/04/20;    ;19.80;69.32;1020.16;1.40;2.24;133;13.35;20.59;0.00;0.00;221.09;26.60;92.00;1022.40;6.40;14.50;15.80;26.80;0.00;788.00;13.30;39.00;1018.00;0.00;0.00;11.20;13.80;0.00;0.00;13.30;53.00;4.40;6.40;14.50;4.60;13.00;0.00;788.00
28/04/20;    ;17.21;76.73;1020.35;0.49;0.98;103;12.59;17.95;0.00;0.30;220.65;26.30;94.00;1023.00;6.40;14.50;16.10;27.50;0.00;868.00;9.80;48.00;1017.60;0.00;0.00;8.70;9.50;0.00;0.00;16.50;46.00;5.40;6.40;14.50;7.40;18.00;0.00;868.00
29/04/20;    ;17.12;76.83;1019.90;0.54;0.96;107;12.54;17.83;0.00;0.30;194.20;25.30;94.00;1023.00;4.80;9.70;15.50;26.40;0.00;933.00;10.80;49.00;1016.90;0.00;0.00;9.50;10.70;0.00;0.00;14.50;45.00;6.10;4.80;9.70;6.00;15.70;0.00;933.00
30/04/20;    ;18.12;73.99;1018.53;0.79;1.46;145;12.89;18.89;0.00;0.00;232.16;26.60;92.00;1020.70;6.40;9.70;15.40;27.90;0.00;870.00;12.70;45.00;1015.90;0.00;0.00;10.70;12.80;0.00;0.00;13.90;47.00;4.80;6.40;9.70;4.70;15.10;0.00;870.00
01/05/20;    ;19.59;74.03;1017.79;0.70;1.30;119;14.28;20.84;0.00;0.00;211.38;28.90;93.00;1020.30;4.80;9.70;17.70;30.10;0.00;747.00;12.80;41.00;1015.60;0.00;0.00;11.50;13.30;0.00;0.00;16.10;52.00;4.70;4.80;9.70;6.20;16.80;0.00;747.00
02/05/20;    ;19.12;74.29;1015.30;0.59;1.29;115;13.97;20.29;0.00;0.00;166.17;26.90;92.00;1017.60;4.80;11.30;16.80;28.50;0.00;868.00;13.00;45.00;1012.20;0.00;0.00;11.40;13.50;0.00;0.00;13.90;47.00;5.40;4.80;11.30;5.40;15.00;0.00;868.00
03/05/20;    ;19.34;67.52;1015.38;1.57;2.70;205;12.87;19.95;0.00;0.00;207.12;25.20;91.00;1017.30;6.40;11.30;15.30;26.40;0.00;977.00;15.80;49.00;1013.20;0.00;0.00;10.00;15.70;0.00;0.00;9.40;42.00;4.10;6.40;11.30;5.30;10.70;0.00;977.00
04/05/20;    ;16.59;80.57;1015.22;0.48;0.99;112;12.97;17.45;0.00;0.00;167.15;24.20;94.00;1018.00;4.80;6.40;16.00;25.60;0.00;874.00;10.80;52.00;1012.90;0.00;0.00;9.70;10.80;0.00;0.00;13.40;42.00;5.10;4.80;6.40;6.30;14.80;0.00;874.00
05/05/20;    ;17.99;80.19;1014.58;0.56;0.94;107;14.24;19.29;0.00;0.30;185.26;26.00;93.00;1017.30;4.80;9.70;17.80;27.90;0.00;909.00;11.60;55.00;1012.20;0.00;0.00;10.30;11.70;0.00;0.00;14.40;38.00;5.10;4.80;9.70;7.50;16.20;0.00;909.00
06/05/20;    ;19.30;75.04;1013.30;0.68;1.29;105;14.23;20.53;0.00;0.00;174.38;27.10;93.00;1016.30;4.80;12.90;16.80;27.80;0.00;868.00;12.90;41.00;1010.80;0.00;0.00;11.60;13.40;0.00;0.00;14.20;52.00;5.50;4.80;12.90;5.20;14.40;0.00;868.00
07/05/20;    ;18.17;72.87;1015.97;2.27;3.63;222;13.14;18.73;0.00;0.00;109.63;21.10;86.00;1020.00;6.40;12.90;15.70;21.40;0.00;1011.00;15.50;62.00;1012.20;0.00;0.00;11.30;15.70;0.00;0.00;5.60;24.00;7.80;6.40;12.90;4.40;5.70;0.00;1011.00
08/05/20;    ;17.31;69.06;1020.57;1.32;2.18;177;11.14;17.44;0.00;0.00;210.97;24.20;92.00;1022.40;6.40;17.70;12.80;24.50;0.00;789.00;9.90;43.00;1018.30;0.00;0.00;8.50;9.60;0.00;0.00;14.30;49.00;4.10;6.40;17.70;4.30;14.90;0.00;789.00
09/05/20;    ;15.47;74.98;1021.85;0.58;1.06;98;10.50;15.56;0.00;0.00;207.78;24.20;94.00;1024.40;4.80;9.70;12.50;24.40;0.00;745.00;9.20;44.00;1019.30;0.00;0.00;7.80;8.70;0.00;0.00;15.00;50.00;5.10;4.80;9.70;4.70;15.70;0.00;745.00
10/05/20;    ;14.98;76.69;1021.51;0.53;0.99;89;10.37;15.05;0.00;0.30;204.51;24.30;94.00;1024.40;4.80;11.30;14.00;25.10;0.00;747.00;8.30;47.00;1018.60;0.00;0.00;7.20;7.70;0.00;0.00;16.00;47.00;5.80;4.80;11.30;6.80;17.40;0.00;747.00
11/05/20;    ;14.66;78.22;1021.24;0.46;0.79;102;10.37;14.76;0.00;0.30;204.67;24.60;95.00;1024.00;6.40;14.50;13.50;25.40;0.00;745.00;7.60;46.00;1019.00;0.00;0.00;6.70;6.80;0.00;0.00;17.00;49.00;5.00;6.40;14.50;6.80;18.60;0.00;745.00
12/05/20;    ;16.26;74.86;1018.64;0.66;1.47;143;11.34;16.61;0.00;0.00;221.99;25.70;92.00;1021.30;3.20;11.30;15.20;27.10;0.00;742.00;8.60;49.00;1014.90;0.00;0.00;7.10;8.00;0.00;0.00;17.10;43.00;6.40;3.20;11.30;8.10;19.10;0.00;742.00
13/05/20;    ;19.06;81.04;1014.26;0.26;0.38;45;15.55;20.83;0.00;0.00;16.59;23.70;91.00;1014.90;3.20;6.40;16.30;25.40;0.00;151.00;16.80;59.00;1013.60;0.00;0.00;15.20;18.50;0.00;0.00;6.90;32.00;1.30;3.20;6.40;1.10;6.90;0.00;151.00
14/05/20;    ;18.87;84.96;1014.79;0.10;0.27;117;16.15;20.92;0.33;5.60;76.09;23.50;94.00;1016.90;3.20;6.40;18.10;25.80;19.30;404.00;15.60;67.00;1013.20;0.00;0.00;14.40;17.00;0.00;0.00;7.90;27.00;3.70;3.20;6.40;3.70;8.80;19.30;404.00
15/05/20;    ;18.44;86.09;1016.51;0.25;0.61;123;15.97;20.38;0.03;1.50;104.63;22.60;95.00;1018.60;3.20;8.00;17.70;25.00;3.10;682.00;15.30;71.00;1015.20;0.00;0.00;14.50;16.70;0.00;0.00;7.30;24.00;3.40;3.20;8.00;3.20;8.30;3.10;682.00
21/05/20;    ;19.02;73.94;1018.89;0.79;1.41;85;13.88;20.10;0.00;0.00;179.97;25.10;91.00;1022.70;4.80;9.70;15.60;26.30;0.00;840.00;13.10;53.00;1017.30;0.00;0.00;11.60;13.60;0.00;0.00;12.00;38.00;5.40;4.80;9.70;4.00;12.70;0.00;840.00
22/05/20;    ;16.97;81.78;1018.01;0.78;1.13;86;13.55;17.97;0.00;0.00;126.30;24.40;94.00;1021.30;6.40;11.30;16.90;25.60;0.00;759.00;11.30;56.00;1014.90;0.00;0.00;10.20;11.40;0.00;0.00;13.10;38.00;6.40;6.40;11.30;6.70;14.20;0.00;759.00
23/05/20;    ;18.78;85.68;1015.87;0.70;1.19;126;16.22;20.75;0.08;1.30;76.94;24.30;95.00;1018.00;6.40;11.30;18.60;27.10;13.70;499.00;14.10;67.00;1013.90;0.00;0.00;13.00;15.00;0.00;0.00;10.20;28.00;4.10;6.40;11.30;5.60;12.10;13.70;499.00
24/05/20;    ;15.69;90.75;1016.29;0.28;0.56;128;14.16;16.96;0.27;6.10;34.70;20.60;95.00;1018.60;3.20;8.00;17.60;22.90;7.60;563.00;14.20;82.00;1014.60;0.00;0.00;12.60;15.00;0.00;0.00;6.40;13.00;4.00;3.20;8.00;5.00;7.90;7.60;563.00
25/05/20;    ;13.78;80.62;1015.47;0.65;1.29;120;10.18;13.77;0.00;0.30;170.62;20.30;94.00;1017.30;4.80;9.70;13.30;20.20;0.00;872.00;8.00;49.00;1012.90;0.00;0.00;6.90;7.30;0.00;0.00;12.30;45.00;4.40;4.80;9.70;6.40;12.90;0.00;872.00
26/05/20;    ;11.20;76.34;1016.42;0.57;0.96;81;6.49;10.30;0.00;0.50;199.59;20.50;95.00;1018.30;4.80;11.30;9.80;19.80;0.00;710.00;5.20;38.00;1013.90;0.00;0.00;4.00;4.00;0.00;0.00;15.30;57.00;4.40;4.80;11.30;5.80;15.80;0.00;710.00
27/05/20;    ;12.55;71.03;1018.37;0.37;0.78;96;6.82;11.78;0.00;0.00;189.09;23.80;91.00;1020.70;4.80;6.40;11.20;23.70;0.00;710.00;4.80;37.00;1016.30;0.00;0.00;3.30;3.40;0.00;0.00;19.00;54.00;4.40;4.80;6.40;7.90;20.30;0.00;710.00
28/05/20;    ;12.34;72.62;1020.30;0.22;0.58;106;6.76;11.60;0.00;0.30;204.20;24.40;93.00;1022.40;3.20;6.40;11.90;24.40;0.00;705.00;3.70;40.00;1018.60;0.00;0.00;2.50;2.10;0.00;0.00;20.70;53.00;3.80;3.20;6.40;9.40;22.30;0.00;705.00
29/05/20;    ;14.25;68.98;1020.73;0.37;0.82;115;7.64;13.64;0.00;0.00;190.30;27.00;91.00;1023.70;3.20;8.00;10.70;26.90;0.00;708.00;6.30;25.00;1016.60;0.00;0.00;4.90;5.20;0.00;0.00;20.70;66.00;7.10;3.20;8.00;5.80;21.70;0.00;708.00
30/05/20;    ;13.91;75.88;1019.86;0.30;0.60;116;9.17;13.73;0.00;0.00;184.00;24.90;92.00;1022.40;4.80;8.00;13.20;25.70;0.00;705.00;6.60;44.00;1016.90;0.00;0.00;5.20;5.50;0.00;0.00;18.30;48.00;5.50;4.80;8.00;8.00;20.20;0.00;705.00
31/05/20;    ;14.21;76.66;1018.91;0.49;0.94;101;9.66;14.10;0.00;0.30;190.29;23.60;94.00;1021.00;4.80;9.70;12.90;23.80;0.00;691.00;7.50;44.00;1016.60;0.00;0.00;6.30;6.60;0.00;0.00;16.10;50.00;4.40;4.80;9.70;6.60;17.20;0.00;691.00
01/06/20;    ;14.70;76.50;1017.92;0.36;0.80;104;10.09;14.74;0.00;0.00;181.30;24.70;93.00;1021.00;3.20;6.40;13.40;25.40;0.00;682.00;7.60;44.00;1014.90;0.00;0.00;6.30;6.80;0.00;0.00;17.10;49.00;6.10;3.20;6.40;7.10;18.60;0.00;682.00
02/06/20;    ;16.57;75.26;1017.03;0.49;0.99;105;11.66;17.03;0.00;0.00;187.76;25.20;94.00;1019.30;4.80;9.70;14.60;26.30;0.00;663.00;9.60;46.00;1014.60;0.00;0.00;8.30;9.20;0.00;0.00;15.60;48.00;4.70;4.80;9.70;6.30;17.10;0.00;663.00
03/06/20;    ;19.63;73.73;1017.70;0.66;1.41;127;14.43;20.94;0.00;0.00;149.75;25.80;93.00;1019.60;3.20;8.00;16.60;27.20;0.00;721.00;13.10;49.00;1015.90;0.00;0.00;11.80;13.70;0.00;0.00;12.70;44.00;3.70;3.20;8.00;4.80;13.50;0.00;721.00
04/06/20;    ;20.11;79.88;1019.12;0.37;0.81;117;16.36;22.18;0.00;0.50;118.64;25.20;94.00;1021.30;3.20;6.40;18.80;27.90;0.00;860.00;15.90;62.00;1017.30;0.00;0.00;14.90;17.50;0.00;0.00;9.30;32.00;4.00;3.20;6.40;3.90;10.40;0.00;860.00
05/06/20;    ;18.55;87.37;1019.88;0.08;0.20;86;16.33;20.67;0.00;0.30;73.65;23.30;95.00;1022.40;1.60;4.80;18.20;26.00;0.00;599.00;14.90;70.00;1018.30;0.00;0.00;13.90;16.10;0.00;0.00;8.40;25.00;4.10;1.60;4.80;4.30;9.90;0.00;599.00
06/06/20;    ;18.29;83.49;1018.94;0.39;0.71;93;15.17;19.92;0.00;0.30;125.86;25.20;95.00;1021.30;4.80;8.00;17.30;27.30;0.00;737.00;13.60;57.00;1015.90;0.00;0.00;12.80;14.50;0.00;0.00;11.60;38.00;5.40;4.80;8.00;4.50;12.80;0.00;737.00
07/06/20;    ;18.16;89.82;1019.22;0.43;0.81;108;16.41;20.23;1.26;21.10;66.67;22.20;96.00;1021.00;4.80;8.00;18.10;24.50;74.70;735.00;15.90;75.00;1017.30;0.00;0.00;14.60;17.40;0.00;0.00;6.30;21.00;3.70;4.80;8.00;3.50;7.10;74.70;735.00
08/06/20;    ;19.23;85.42;1018.30;0.45;0.86;99;16.52;21.36;0.00;0.30;174.90;26.20;95.00;1020.70;4.80;11.30;19.20;28.80;0.00;768.00;14.90;59.00;1015.20;0.00;0.00;14.10;16.20;0.00;0.00;11.30;36.00;5.50;4.80;11.30;5.10;12.60;0.00;768.00
09/06/20;    ;19.74;80.39;1016.59;0.29;0.66;118;15.94;21.69;0.00;0.30;187.86;26.80;95.00;1019.00;3.20;8.00;19.40;29.80;0.00;775.00;13.40;57.00;1013.60;0.00;0.00;12.40;14.20;0.00;0.00;13.40;38.00;5.40;3.20;8.00;7.00;15.60;0.00;775.00
10/06/20;    ;20.47;82.65;1015.37;0.52;0.92;84;17.17;22.83;0.00;0.00;120.72;26.80;95.00;1016.90;4.80;8.00;19.00;29.50;0.00;673.00;16.30;58.00;1013.20;0.00;0.00;15.30;18.00;0.00;0.00;10.50;37.00;3.70;4.80;8.00;3.70;11.50;0.00;673.00
11/06/20;    ;20.40;78.17;1016.48;0.58;1.12;89;15.97;22.29;0.00;0.30;226.43;28.30;95.00;1019.00;4.80;9.70;18.30;30.80;0.00;680.00;14.30;49.00;1013.90;0.00;0.00;13.50;15.40;0.00;0.00;14.00;46.00;5.10;4.80;9.70;4.80;15.40;0.00;680.00
12/06/20;    ;17.28;86.81;1016.64;0.30;0.89;69;15.04;18.86;0.00;0.00;0.00;18.30;90.00;1016.90;1.60;6.40;15.90;20.30;0.00;0.00;15.90;84.00;1015.90;0.00;0.00;14.00;17.20;0.00;0.00;2.40;6.00;1.00;1.60;6.40;1.90;3.10;0.00;0.00
13/06/20;    ;19.34;77.27;1018.02;0.47;1.05;112;14.86;20.84;0.00;0.00;167.71;28.20;93.00;1020.30;3.20;8.00;17.70;30.10;0.00;712.00;13.70;47.00;1016.30;0.00;0.00;12.40;14.50;0.00;0.00;14.50;46.00;4.00;3.20;8.00;5.30;15.60;0.00;712.00
14/06/20;    ;19.65;75.68;1020.66;3.18;4.32;163;14.95;20.65;0.00;0.00;171.53;25.60;94.00;1023.40;9.70;20.90;17.10;26.80;0.00;677.00;14.20;56.00;1018.60;0.00;0.00;12.90;15.10;0.00;0.00;11.40;38.00;4.80;9.70;20.90;4.20;11.70;0.00;677.00
15/06/20;    ;18.48;75.70;1023.26;1.01;1.89;127;13.76;19.49;0.00;0.00;196.34;25.70;92.00;1025.10;4.80;11.30;15.90;27.10;0.00;675.00;13.40;53.00;1021.00;0.00;0.00;11.80;14.00;0.00;0.00;12.30;39.00;4.10;4.80;11.30;4.10;13.10;0.00;675.00
16/06/20;    ;17.60;77.75;1024.02;0.80;1.58;126;13.39;18.53;0.00;0.00;158.49;25.70;93.00;1026.40;4.80;11.30;16.30;26.70;0.00;707.00;11.30;52.00;1021.00;0.00;0.00;10.20;11.40;0.00;0.00;14.40;41.00;5.40;4.80;11.30;6.10;15.30;0.00;707.00
17/06/20;    ;16.62;80.20;1022.74;0.37;0.69;86;12.95;17.50;0.00;0.30;170.21;23.40;95.00;1025.40;4.80;9.70;15.70;24.90;0.00;715.00;10.30;57.00;1020.00;0.00;0.00;9.40;10.20;0.00;0.00;13.10;38.00;5.40;4.80;9.70;6.30;14.70;0.00;715.00
18/06/20;    ;15.11;81.11;1021.83;0.77;1.22;85;11.58;15.49;0.00;0.30;166.46;22.30;95.00;1024.00;6.40;11.30;14.20;23.30;0.00;926.00;9.00;58.00;1019.60;0.00;0.00;8.10;8.60;0.00;0.00;13.30;37.00;4.40;6.40;11.30;6.10;14.70;0.00;926.00
19/06/20;    ;15.82;80.49;1021.47;0.28;0.54;108;12.08;16.44;0.00;0.30;160.11;25.10;95.00;1023.70;3.20;8.00;15.60;26.80;0.00;724.00;9.90;48.00;1019.00;0.00;0.00;9.00;9.70;0.00;0.00;15.20;47.00;4.70;3.20;8.00;6.60;17.10;0.00;724.00
20/06/20;    ;17.48;78.66;1021.25;0.50;0.77;106;13.35;18.49;0.00;0.30;177.65;26.90;94.00;1023.40;4.80;6.40;17.40;28.40;0.00;656.00;10.30;50.00;1019.00;0.00;0.00;9.10;10.10;0.00;0.00;16.60;44.00;4.40;4.80;6.40;8.30;18.30;0.00;656.00
21/06/20;    ;17.85;77.69;1020.10;0.79;1.17;79;13.34;18.76;0.00;0.30;168.06;26.80;95.00;1022.00;6.40;12.90;17.70;27.70;0.00;714.00;11.30;44.00;1018.00;0.00;0.00;10.50;11.50;0.00;0.00;15.50;51.00;4.00;6.40;12.90;7.20;16.20;0.00;714.00
22/06/20;    ;17.76;71.95;1020.24;0.55;1.15;111;12.02;18.32;0.00;0.00;244.82;26.40;93.00;1022.00;3.20;6.40;15.90;27.80;0.00;664.00;10.30;45.00;1016.90;0.00;0.00;8.90;10.10;0.00;0.00;16.10;48.00;5.10;3.20;6.40;7.00;17.70;0.00;664.00
23/06/20;    ;16.53;71.77;1017.08;0.30;0.64;65;10.81;16.77;0.00;0.00;71.17;23.90;89.00;1019.00;3.20;4.80;13.60;23.80;0.00;468.00;10.90;40.00;1015.60;0.00;0.00;9.00;10.70;0.00;0.00;13.00;49.00;3.40;3.20;4.80;4.60;13.10;0.00;468.00
24/06/20;    ;14.84;76.73;1017.81;0.46;1.00;112;10.34;14.93;0.00;0.00;164.50;24.20;92.00;1020.30;4.80;8.00;13.60;24.70;0.00;714.00;8.30;46.00;1014.90;0.00;0.00;6.90;7.60;0.00;0.00;15.90;46.00;5.40;4.80;8.00;6.70;17.10;0.00;714.00
25/06/20;    ;16.73;79.77;1017.53;0.66;1.13;108;12.79;17.53;0.00;0.30;161.70;25.90;94.00;1020.30;8.00;11.30;16.10;27.40;0.00;784.00;9.80;51.00;1014.90;0.00;0.00;8.90;9.60;0.00;0.00;16.10;43.00;5.40;8.00;11.30;7.20;17.80;0.00;784.00
26/06/20;    ;18.87;80.09;1016.08;0.69;1.27;128;15.05;20.41;0.50;4.80;128.36;26.40;93.00;1018.30;4.80;9.70;18.30;28.70;66.80;819.00;13.40;55.00;1013.60;0.00;0.00;12.10;14.10;0.00;0.00;13.00;38.00;4.70;4.80;9.70;6.20;14.60;66.80;819.00
27/06/20;    ;16.14;88.91;1014.53;0.78;1.12;102;14.14;17.32;0.52;8.40;74.53;22.70;95.00;1018.30;8.00;14.50;16.20;23.60;24.10;930.00;13.10;58.00;1011.20;0.00;0.00;12.30;13.80;0.00;0.00;9.60;37.00;7.10;8.00;14.50;3.90;9.80;24.10;930.00
28/06/20;    ;16.57;79.89;1019.35;1.87;2.69;159;12.84;17.10;0.00;0.00;179.58;21.30;95.00;1020.70;8.00;11.30;15.00;21.60;0.00;717.00;11.00;61.00;1018.00;0.00;0.00;10.20;11.10;0.00;0.00;10.30;34.00;2.70;8.00;11.30;4.80;10.50;0.00;717.00
29/06/20;    ;16.98;76.77;1019.69;0.90;1.58;131;12.60;17.64;0.00;0.00;165.64;23.10;93.00;1022.70;4.80;11.30;14.90;24.40;0.00;721.00;10.80;55.00;1016.90;0.00;0.00;9.20;10.60;0.00;0.00;12.30;38.00;5.80;4.80;11.30;5.70;13.80;0.00;721.00
30/06/20;    ;16.82;78.93;1015.34;1.82;2.38;87;12.75;17.33;0.00;0.30;124.73;23.20;95.00;1018.60;9.70;16.10;14.90;23.40;0.00;854.00;11.60;51.00;1011.90;0.00;0.00;10.70;11.80;0.00;0.00;11.60;44.00;6.70;9.70;16.10;4.20;11.60;0.00;854.00
01/07/20;    ;16.13;84.90;1012.06;0.41;0.61;131;13.50;17.18;0.00;0.50;37.75;21.20;93.00;1014.60;6.40;19.30;15.20;22.30;0.00;288.00;10.70;63.00;1010.50;0.00;0.00;9.30;10.60;0.00;0.00;10.50;30.00;4.10;6.40;19.30;5.90;11.70;0.00;288.00
02/07/20;    ;12.88;71.81;1015.90;0.41;0.91;117;6.92;12.10;0.00;0.30;182.58;22.20;94.00;1018.00;4.80;9.70;9.80;21.00;0.00;687.00;6.80;28.00;1014.20;0.00;0.00;2.20;5.80;0.00;0.00;15.40;66.00;3.80;4.80;9.70;7.60;15.20;0.00;687.00
03/07/20;    ;14.65;64.41;1017.22;0.56;1.17;139;7.00;13.86;0.00;0.00;180.28;23.90;90.00;1019.00;4.80;11.30;10.00;23.30;0.00;673.00;7.30;28.00;1014.90;0.00;0.00;3.00;6.30;0.00;0.00;16.60;62.00;4.10;4.80;11.30;7.00;17.00;0.00;673.00
04/07/20;    ;14.96;75.31;1018.94;0.42;0.87;144;10.19;15.03;0.00;0.00;179.24;24.80;91.00;1021.70;4.80;9.70;14.20;25.80;0.00;673.00;7.90;47.00;1016.30;0.00;0.00;6.40;7.10;0.00;0.00;16.90;44.00;5.40;4.80;9.70;7.80;18.70;0.00;673.00
05/07/20;    ;15.65;82.92;1019.77;0.36;0.73;113;12.55;16.44;0.00;0.00;142.56;24.00;95.00;1021.70;3.20;9.70;16.40;26.10;0.00;765.00;9.10;60.00;1017.60;0.00;0.00;8.10;8.70;0.00;0.00;14.90;35.00;4.10;3.20;9.70;8.30;17.40;0.00;765.00
06/07/20;    ;17.38;78.55;1018.20;0.42;1.02;125;13.15;18.32;0.00;0.30;161.91;26.80;95.00;1020.30;3.20;8.00;16.60;27.80;0.00;684.00;11.20;45.00;1015.60;0.00;0.00;10.10;11.30;0.00;0.00;15.60;50.00;4.70;3.20;8.00;6.50;16.50;0.00;684.00
07/07/20;    ;16.86;74.78;1016.65;1.11;2.76;82;11.77;17.21;0.00;0.00;130.03;26.30;92.00;1019.00;8.00;16.10;13.80;26.60;0.00;638.00;11.10;40.00;1013.20;0.00;0.00;9.80;11.10;0.00;0.00;15.20;52.00;5.80;8.00;16.10;4.00;15.50;0.00;638.00
08/07/20;    ;15.97;75.89;1016.15;0.83;2.76;85;10.99;16.16;0.00;0.30;171.93;25.70;95.00;1018.00;8.00;16.10;14.90;26.80;0.00;687.00;8.40;42.00;1013.60;0.00;0.00;7.50;7.80;0.00;0.00;17.30;53.00;4.40;8.00;16.10;7.40;19.00;0.00;687.00
09/07/20;    ;15.86;82.99;1018.78;0.24;2.23;79;12.75;16.72;0.00;0.30;112.27;24.70;94.00;1021.00;3.20;6.40;16.90;26.70;0.00;708.00;10.60;56.00;1016.60;0.00;0.00;9.60;10.60;0.00;0.00;14.10;38.00;4.40;3.20;6.40;7.30;16.10;0.00;708.00
10/07/20;    ;16.46;79.81;1019.44;0.54;3.34;106;12.61;17.21;0.00;0.30;162.93;25.90;94.00;1021.70;6.40;12.90;16.60;26.80;0.00;679.00;10.20;49.00;1016.90;0.00;0.00;8.80;9.90;0.00;0.00;15.70;45.00;4.80;6.40;12.90;7.80;16.90;0.00;679.00
11/07/20;    ;16.79;80.47;1019.21;0.40;2.30;102;13.06;17.69;0.00;0.30;130.19;24.90;95.00;1022.00;4.80;9.70;15.70;25.80;0.00;840.00;11.40;49.00;1016.30;0.00;0.00;10.50;11.60;0.00;0.00;13.50;46.00;5.70;4.80;9.70;5.20;14.20;0.00;840.00
12/07/20;    ;17.65;76.19;1016.69;0.95;4.49;97;12.95;18.40;0.00;0.00;177.97;25.80;93.00;1018.60;6.40;12.90;15.60;26.80;0.00;749.00;11.70;49.00;1014.20;0.00;0.00;10.30;11.80;0.00;0.00;14.10;44.00;4.40;6.40;12.90;5.30;15.00;0.00;749.00
13/07/20;    ;18.93;73.38;1017.07;0.58;3.32;126;13.57;19.95;0.00;0.00;170.47;27.80;90.00;1019.30;3.20;8.00;15.70;28.80;0.00;745.00;12.90;42.00;1014.60;0.00;0.00;11.10;13.30;0.00;0.00;14.90;48.00;4.70;3.20;8.00;4.60;15.50;0.00;745.00
14/07/20;    ;17.66;80.56;1017.92;0.39;3.53;119;14.11;18.93;0.00;0.00;91.21;23.80;92.00;1019.60;4.80;12.90;16.90;26.10;0.00;761.00;12.70;59.00;1016.30;0.00;0.00;11.30;12.90;0.00;0.00;11.10;33.00;3.30;4.80;12.90;5.60;13.20;0.00;761.00
15/07/20;    ;14.33;87.66;1019.60;0.33;0.89;81;12.14;15.00;0.21;0.80;257.40;25.20;95.00;1021.30;6.40;14.50;15.80;26.80;4.30;677.00;10.40;53.00;1017.60;0.00;0.00;9.50;10.30;0.00;0.00;14.80;42.00;3.70;6.40;14.50;6.30;16.50;4.30;677.00
